{
  "llc_misses": {
    "mean": 4196.102272727273,
    "std": 7110.218085837921
  },
  "cache_refs": {
    "mean": 145419.25,
    "std": 185567.6231943646
  },
  "miss_rate": {
    "mean": 0.022045627250001646,
    "std": 0.016345361170321437
  }
}