{
  "before": [
    0,
    0.7509386733416723,
    2.130325814536338,
    4.255319148936165,
    5.018820577164362,
    6.398996235884569,
    1.6249999999999987,
    0.6242197253433224,
    1.251564455569465,
    1.1278195488721776,
    1.3784461152882233,
    6.398996235884569,
    4.642409033877037,
    0.5000000000000004,
    0.9987515605493158,
    0.5006257822277815,
    0.6257822277847325,
    1.0012515644555742,
    2.122347066167296,
    1.0000000000000009,
    0.8750000000000036,
    0.5006257822277815,
    0.9987515605493158,
    1.4981273408239737,
    0.3750000000000031,
    1.1249999999999982,
    0.9987515605493158,
    0.3754693366708417,
    1.6209476309226978,
    1.2499999999999956
  ],
  "during": [
    3.907314856883237,
    7.244414353419093,
    7.256392536281964,
    7.0700203942896
  ],
  "stats": {
    "before": {
      "mean": 1.7323095659208838,
      "std": 1.7221700684522294,
      "max": 6.398996235884569,
      "min": 0.0
    },
    "during": {
      "mean": 6.369535535218473,
      "std": 1.4234762022493535,
      "max": 7.256392536281964,
      "min": 3.907314856883237
    }
  }
}